Code produit Fournisseur;EAN;Désignation du produit (NOM COMMERCIAL); Libellé Bon de livraison; Descriptif du produit; Durée garantie; Catégorie Arborescence Internet;Slogan;Qualité livrée;Couleur;Marque;Nombre de pièces par paquet;Hauteur adulte;Les plus du produit (1);Les plus du produit (2);Les plus du produit (3);EcoTaxe;Image_principale;Image secondaire 1;Image secondaire 2;Image secondaire 3;Image secondaire 4;Image secondaire 5;Vidéo Lien youtube;Fiche PDF;Période de plantation;Période de floraison;Période de semis;Période de récolte;Période de livraison;Type de sol;Exposition;Type utilisation;Type de Livraison
80489133;;CHOUETTE EPOUVANTAIL;CHOUETTE EPOUVANTAIL;Un bon moyen pour faire peur aux oiseaux. Cette chouette est à suspendre à l endroit que vous voulez protéger et les oiseaux ne viendront plus Réalisé en matière plastique recouverte d un film holographique spécial qui réfléchit la lumière et rend le sujet impressionnant pour les oiseaux. Equipé d un oeillet ( prêt à être suspendu) et d un contre poids forme fleur. Matière : PVC;1 an;3040;;La pièce;Aucune;;;;;;;;MAR-80489.jpg;MAR-80489-2.jpg;;;;;;;;;;;;;;;01-Depart Willemse
80665133;;COCCINELLE DECORATION ARBRE;COCCINELLE DECORATION ARBRE;Jolie décoration pour le jardin : - à fixer sur les troncs d arbre, palissade - kit de fixation + vis fourni - peut également agrémenter une plante grimpante, être fixé sur un bac en bois - vendue à l unité Matière : PLASTIQUE;1 an;3040;;La pièce;Aucune;;;;;;;;MAR-80665.jpg;;;;;;;;;;;;;;;;01-Depart Willemse
80862133;;RESERVE D'EAU 80 LITRES TRANSPORTABLE;RESERVE D'EAU 80 LITRES TRANSPORTABLE;Pratique pour les jardiniers, les bricoleurs, les cavaliers... lorsque le point d eau est trop éloigné et le tuyau d arrosage pas assez long. Permet de transporter jusqu à 80 litres d eau Se pose dans une brouette puis se remplit à un point d eau fixe (robinet ou tuyau d arrosage) Livrée avec un filet anti-glisse à poser dessous. Matière : PE polythène;1 an;3020;;La pièce;Aucune;;;;;;;;MAR-80862.jpg;MAR-80862-2.jpg;;;;;;;;;;;;;;;01-Depart Willemse
80612133;;RESERVE D'EAU 225 LITRES;RESERVE D'EAU 225 LITRES;Voici le produit que tout le monde attendait. C est le complément idéal au récupérateur d eau qui connaît un grand succès. C est un nouveau concept car cette réserve d eau est facilement démontable donc facile à ranger grâce aux armatures. La réserve est légère, robuste, pratique avec ses deux robinets, sécurisante avec son couvercle souple, esthétique et solide (en PVC souple fibré). Contenance 225 litres, hauteur 79cm, diamètre 60cm. Structure liner : 70/100. Livré avec un couvercle, un robinet de puisage sur le bac, une vanne de vidange avec raccord. existe en BEIGE SABLE et VERT FONCE.;1 an;3020;;La pièce;Aucune;;;;;;;;MAR-80612.jpg;;;;;;;;;;;;;;;;01-Depart Willemse
80163106;;5 MARQUE-PLANTES + 6 ETIQUETTES;5 MARQUE-PLANTES + 6 ETIQUETTES;Ces marque-plantes vous aideront à retrouver l emplacement des graines que vous avez plantées. En lot de 5 + 6 étiquettes plastifiées (7 x 2.5cm) Coloris vert Hauteur tige 24cm + support étiquette (9x4.5cm). Matière : polypropylène;1 an;3040;;Lot de 5;Aucune;;;;;;;;MAR-80163.jpg;;;;;;;;;;;;;;;;01-Depart Willemse
80212212;;2 TAPIS CAOUTCHOUC MARCHES;2 TAPIS CAOUTCHOUC MARCHES;Ces tapis en caoutchouc, d excellente qualité, sont très décoratifs et en plus sont des éléments de sécurité indispensables pour éviter de glisser sur les marches. Grâce à leur dessin spécialement étudié, ils laissent passer l eau, la neige, la boue. Ils sont autocollants, résistent à toutes les intempéries. Matière : gomme caoutchouc;1 an;3040;;Lot de 2;Aucune;;;;;;;;MAR-80212.jpg;;;;;;;;;;;;;;;;01-Depart Willemse
80223133;;HOUSSE POUR 4 FAUTEUILS;HOUSSE POUR 4 FAUTEUILS;Grâce à ces housses, votre mobilier de jardin sera protégé des intempéries et de la pluie. Aussi il sera toujours prêt à être utilisé sans le fastidieux nettoyage ou essuyage après les averses. Joli décor imprimé OIES et TOURNESOL . Matière : PVC;1 an;3200;;La pièce;Aucune;;;;;;;;MAR-80223.jpg;;;;;;;;;;;;;;;;01-Depart Willemse
80641633;;6 EPOUVANTAILS OISEAUX FORME TOURNESOLS;6 EPOUVANTAILS OISEAUX FORME TOURNESOLS;A planter dans votre potager, vos semis, vos plates-bandes, pelouse en germination pour éloigner les oiseaux : - centre caléidoscope réfléchissant la lumière. Matière : plastique;1 an;3040;;Lot de 6;Aucune;;;;;;;;MAR-80641.jpg;;;;;;;;;;;;;;;;01-Depart Willemse
80582133;;POMME D'ARROSAGE TETE ORIENTABLE 180°;POMME D'ARROSAGE TETE ORIENTABLE 180°;Cette pomme d arrosage se fixe très simplement et facilement sur votre tuyau d arrosage grâce à l embout universel automatique. Sa tête est orientable à 180 degrés et permet d arroser dans toutes les directions. Elle dispose de HUIT jets différents. Pour la mettre en route ou l arrêter, il suffit d actionner le bouton situé près de la poignée ergonomique. Réalisé en bi-matière : plastique et caoutchouc. Matière : plastique et caoutchouc;1 an;3360;;La pièce;Aucune;;;;;;;;MAR-80582.jpg;;;;;;;;;;;;;;;;01-Depart Willemse
80604133;;ENLEVE EPINES;ENLEVE EPINES;Permet d ôter facilement les épines des tiges de roses S utilise comme une pince Lame non coupante en métal Manche en matière plastique. Forme ergonomique. Matière : plastique et métal;1 an;3360;;La pièce;Aucune;;;;;;;;MAR-80604.jpg;;;;;;;;;;;;;;;;01-Depart Willemse
81114133;;PAILLASSON D ENTREE 3 CERFS 45X75CM;PAILLASSON D ENTREE 3 CERFS 45X75CM;Paillasson de qualité au design élégant. Décoré de 3 cerfs. Paillasson en fibres de coco, Base avec arabesques en caoutchouc. Matière : 65%caoutchouc/35%coco;1 an;3040;;La pièce;Aucune;;;;;;;;MAR-81114.jpg;;;;;;;;;;;;;;;;01-Depart Willemse
80187133;;PORTE TUYAU ARROSAGE PLASTIQUE BLANC;PORTE TUYAU ARROSAGE PLASTIQUE BLANC;Il se fixe rapidement et facilement sans clou ni vis, autour du robinet d arrivée d eau. On a ainsi toujours son tuyau à portée de main, bien rangé. Matière : PLASTIQUE;1 an;3020;;La pièce;Aucune;;;;;;;;MAR-80187.jpg;;;;;;;;;;;;;;;;01-Depart Willemse
80347433;;4 PROTEGE-SALADES JEUNES POUSSES;4 PROTEGE-SALADES JEUNES POUSSES;Il arrive que les salades de votre jardin soient détruites par les limaces ? Essayer le protège salade. Idéal pour protéger les jeunes pousses de salades et autres légumes attaqus par les limaces, cet ingénieux système vous permettra de protéger vos légumes. Il vous suffit de le mettre autour de votre salade et de l enfoncer dans la terre pour créer une barrière infranchissable pour les limaces, grâce à sa collerette. Dimensions : 19 x 12 cm. Vendu par lot de QUATRES.;1 an;3180;;Lot de 4;Aucune;;;;;;;;MAR-80347.jpg;;;;;;;;;;;;;;;;01-Depart Willemse
80395133;;PORTE POT DE COIN POUR BALCON;PORTE POT DE COIN POUR BALCON;Ce porte-pot est idéal pour être posé sur le coin d une rambarde. Cela permet d y mettre un plante ou tout autre objet décoratif. Coloris vert foncé. Matière : métal plastifié;1 an;3380;;La pièce;Aucune;;;;;;;;MAR-80395.jpg;;;;;;;;;;;;;;;;01-Depart Willemse
80647233;;PETIT SAC JARDINAGE;PETIT SAC JARDINAGE;Pour transporter les légumes faîchement cueillis dans votre jardin, ramasser les pommes... - 1poche imprimée devant pour accessoire - 2 poignées. Matière : toile plastifiée;1 an;3200;;La pièce;Aucune;;;;;;;;MAR-80647.jpg;;;;;;;;;;;;;;;;01-Depart Willemse
80796133;;PORTE PLANTE ROND A ROULETTES;PORTE PLANTE ROND A ROULETTES;Porte plante en fil d acier robuste et pratique pour les pots volumineux : - motif intérieur fleurs 6 pétales - 3 roulettes - charge maximum 50kg - coloris vert. Matière : métal;1 an;3040;;La pièce;Aucune;;;;;;;;MAR-80796.jpg;MAR-80796-2.jpg;;;;;;;;;;;;;;;01-Depart Willemse
80829433;;4 BORDURES FLEXIBLES 58CM*;4 BORDURES FLEXIBLES 58CM*;Ces bordures flexibles de 58 cm chacune vous permettront de délimiter une allée ou d entourer un parterre de fleurs, il suffit de les enfoncer dans la terre, pointes vers le bas : - pratique pour contrôler l expansion des massifs en bord de pelouse - longueur totale assemblées : 2.30 mètres - peuvent être posées en cercle car elles sont souples - hauteur hors sol : 4.5 à 5 cm - pointes à enfoncer dans le sol : 7.5cm environ - coloris terra cotta . Matière : plastique;1 an;3040;;Lot de 4;Aucune;;;;;;;;MAR-80829.jpg;MAR-80829-2.jpg;;;;;;;;;;;;;;;01-Depart Willemse
80474633;;6 BARRIERES JARDIN FORME ARRONDIE;6 BARRIERES JARDIN FORME ARRONDIE;Idéal pour donner un style à votre jardin. - ces 6 barrières arrondies se mettent en cercle autour d un massif : diamètre environ 90cm - facile à planter, hauteur hors sol 19,5 cm - en plastique imitation fonte. Matière : plastique coloris noir;1 an;3040;;Lot de 6;Aucune;;;;;;;;MAR-80474.jpg;;;;;;;;;;;;;;;;01-Depart Willemse
81119133;;PAILLASSON DOUBLE DECOR CHATS 45X75CM;PAILLASSON DOUBLE DECOR CHATS 45X75CM;Paillasson d entrée, surface en fibres de coco séparées par des bandes de caoutchouc. Double tapis coco décor CHAT-Base en caoutchouc noir. Matière : 65% Caoutchouc/35% coco;1 an;3040;;La pièce;Aucune;;;;;;;;MAR-81119.jpg;;;;;;;;;;;;;;;;01-Depart Willemse
80277133;;ARROSEUR ARBRE;ARROSEUR ARBRE;Voici une invention géniale pour arroser les arbres. Il suffit de poser cet accessoire autour le l arbre, de l adapter au tuyau d arrosage grâce à son embout universel et ouvrir l eau. L arbre sera ainsi arrosé en douceur et profondeur. Tuyau en matière poreuse + adaptateur en forme   Y  . Longueur : 180 cm Convient pour tous les arbres.;1 an;3020;;La pièce;Aucune;;;;;;;;MAR-80277.jpg;;;;;;;;;;;;;;;;01-Depart Willemse
80374133;;4 OUTILS JARDINAGE DANS MALETTE;4 OUTILS JARDINAGE DANS MALETTE;Vendus dans une très belle valise avec couvercle transparent, vous trouverez les 4 compagnons indispensables pour jardiner. - 1 râteau 3 dents, en inox, manche bois 16 cm de long - 1 sécateur, lame en acier trempé poli, manche confort. Longueur 15cm - 1 paire de ciseaux pour tailler, en acier trempé poli - manche confort longueur 15cm - 1 pelle en inox, manche bois longueur 15 cm. Dimension de la valise en matière plastique : 23x20x5cm.;1 an;3360;;Lot de 4;Aucune;;;;;;;;MAR-80374-1.jpg;MAR-80374-2.jpg;;;;;;;;;;;;;;;01-Depart Willemse
80412133;;POIGNEE POUR MANCHE D OUTIL;POIGNEE POUR MANCHE D OUTIL;Cette poignée est idéale pour éviter une mauvaise position quand on utilise un outil de jardin muni d un manche tel que râteau, pelle. Elle se fixe à tous les manches de diamètre variés. Réglable - Réalisé en matière plastique.;1 an;3360;;La pièce;Aucune;;;;;;;;MAR-80412.jpg;;;;;;;;;;;;;;;;01-Depart Willemse
80696134;;EMBOUT JET LARGE POUR TUYAU D'ARROSAGE;EMBOUT JET LARGE POUR TUYAU D'ARROSAGE;A adapter sur votre tuyau d arrosage pour un nettoyage efficace : - embout en 2 parties à visser - jet   éventail   - embout universel, adaptable sur votre tuyau - commande marche/arrêt à tourner - coloris vert. Matière : plastique;1 an;3020;;La pièce;Aucune;;;;;;;;MAR-80696.jpg;;;;;;;;;;;;;;;;01-Depart Willemse
80807133;;BOITE METAL + BOBINE CORDELETTE;BOITE METAL + BOBINE CORDELETTE;Pour les travaux de jardinage et de culture : - boite métal avec couvercle perforé permettant de distribuer la cordelette nécessaire pour attacher les plantations - livrée avec bobine de corde naturelle de 150 mètres de long. Matière : boite métal et jute;1 an;3040;;La pièce;Aucune;;;;;;;;MAR-80807.jpg;;;;;;;;;;;;;;;;01-Depart Willemse
80681433;;4 BORDURES BANDEAU REFLECHISSANT;4 BORDURES BANDEAU REFLECHISSANT;Le long de l allée ou du parterre : - en lot x 4 pour réaliser 1,20 mètre de bordure - bande réfléchissante, phosphorescente dans le noir - elles résistent aux intempéries - livrés avec 8 pics pour être plantés dans la terre ou entre les pavés. Matière : plastique;1 an;3040;;Lot de 4;Aucune;;;;;;;;MAR-80681.jpg;MAR-80681-2.jpg;;;;;;;;;;;;;;;01-Depart Willemse
80693433;;4 BARRIERES PARTERRE BLANCHES;4 BARRIERES PARTERRE BLANCHES;En lot x 4 soit une longueur totale de 2,30mètres - hauteur maxi hors sol 22, mini 15 cm - imitation 1/2 rondins de bois - résiste aux intempéries. Matière : plastique coloris blanc;1 an;3040;;Lot de 4;Aucune;;;;;;;;MAR-80693.jpg;;;;;;;;;;;;;;;;01-Depart Willemse
80642133;;3 ARROSEURS A PLANTER + 3 TUYAUX;3 ARROSEURS A PLANTER + 3 TUYAUX;Solution idéale pour une pelouse bien entretenue ! Ce lot est composé de 8 pièces : - 3 arroseurs sur tige à planter : 5 jets différents par arroseur à sélectionner selon le type d arrosage - 3 tuyaux avec 2 embouts universels venant s adapter sur les arroseurs et sur le robinet - 2 embouts universels à visser pour branchement sur robinet Matière : plastique Dimensions produit : hauteur arroseur 21 cm, partie émergée 10,5cm, longueur 1 tuyau avec 2 embouts : 187 cm. Matière : plastique;1 an;3020;;Lot de 3;Aucune;;;;;;;;MAR-80642.jpg;;;;;;;;;;;;;;;;01-Depart Willemse
80576133;;LANCE D'ARROSAGE TELESCOPIQUE 97-154 CM;LANCE D'ARROSAGE TELESCOPIQUE 97-154 CM;Cette très grande lance d arrosage permet d atteindre des plantes très éloignées jusque 1,54m car elle est télescopique. Sa tête à 8 jets différents permet d adapter le bon arrosage à chaque plante. Poignée de commande confortable avec possibilité de blocage. Robinet de contrôle de débit. Embout de fixation rapide universel. Longueur mini : 97 cm, longueur maxi : 154 cm. Réalisé en ABS + aluminium. Matière : ABS + aluminium;1 an;3020;;La pièce;Aucune;;;;;;;;MAR-80576.jpg;;;;;;;;;;;;;;;;01-Depart Willemse
80770133;;MAISON POMME POUR OISEAUX;MAISON POMME POUR OISEAUX;Petite maisonnette à suspendre pour nourrir les oiseaux du jardin ! - insérer une pomme sur la tige prévue à cet effet - cordelette de suspension S. Matière : bois (pin) et métal;1 an;3040;;La pièce;Aucune;;;;;;;;MAR-80770.jpg;;;;;;;;;;;;;;;;01-Depart Willemse
80971133;;SAC DE TRANSPORT POUR BOTTES;SAC DE TRANSPORT POUR BOTTES;Sac avec poignée de transport : idéal pour entreposer dans la voiture les paires de bottes ou de chaussures boueuses après la chasse ou une randonnée. Ouverture frontale pratique avec rabat fermé par scratch et 2 fermetures à glissière qui peuvent coulisser ensemble grâce à la petite poignée reliant les 2 curseurs 1 pochette maille filet pour y mettre les chaussettes 1 pochette fermée par scratch-Coloris vert. Matière : 100% polyester;1 an;3200;;La pièce;Aucune;;;;;;;;MAR-80971.jpg;;;;;;;;;;;;;;;;01-Depart Willemse
80619133;;PORTE PLANTES MURAL;PORTE PLANTES MURAL;Suspendu à un mur du jardin ou à l intérieur de la maison, ce porte-plantes mural sera du plus bel effet ! Il est en acier résistant au froid et aux intempéries. L étagère d une profondeur de 16cm, se déplie pour recevoir vos plantes. Il est livré avec une vis de suspension Coloris : noir. Matière : métal;1 an;3040;;La pièce;Aucune;;;;;;;;MAR-80619.jpg;;;;;;;;;;;;;;;;01-Depart Willemse
80974133;;EPANDEUR MANUEL POUR GRAINES OU ENGRAIS;EPANDEUR MANUEL POUR GRAINES OU ENGRAIS;Pour épandre l engrais ou semer le gazon Contenance 3.5L. Fonctionnement par manivelle. Matière : plastique polypropylène;1 an;3180;;La pièce;Aucune;;;;;;;;MAR-80974.jpg;MAR-80974-2.jpg;;;;;;;;;;;;;;;01-Depart Willemse
80848133;;PROTEGE GENOUX GRENOUILLE;PROTEGE GENOUX GRENOUILLE;Protection genoux pour les travaux de jardinage. Matière : mousse;1 an;3360;;La pièce;Aucune;;;;;;;;MAR-80848.jpg;MAR-80848-2.jpg;;;;;;;;;;;;;;;01-Depart Willemse
80988133;;5 TUYAUX POUR ARROSAGE PAR CAPILLARITE;5 TUYAUX POUR ARROSAGE PAR CAPILLARITE;Système d arrosage par capillarité : vos plantes d intérieur ne souffriront plus du manque d arrosage pendant votre absence. Plongez l une des extrémités des tubes dans un récipient d eau surélevé par rapport aux pots des plantes, l autre extrémité vient se planter dans le substrat de chaque plante, la cordelette va absorber l eau et la rediffuser par capillarité. Matière : plastique;1 an;3020;;Lot de 5;Aucune;;;;;;;;MAR-80988.jpg;;;;;;;;;;;;;;;;01-Depart Willemse
80157233;;2 TETES DE CHATS EPOUVANTAIL;2 TETES DE CHATS EPOUVANTAIL;Ces 2 têtes de chat s accrochent dans les arbres à protéger et éviteront que les oiseaux ne viennent   voler   vos précieuses récoltes. Les yeux en bille de verre pour plus de réalisme . Matière : métal;1 an;3040;;Lot de 2;Aucune;;;;;;;;MAR-80157.jpg;;;;;;;;;;;;;;;;01-Depart Willemse
80307133;;CISEAUX JARDIN SPECIAL BUIS ET ARBUSTES;CISEAUX JARDIN SPECIAL BUIS ET ARBUSTES;Ce sont les ciseaux utilisés par tous les jardiniers en Orient pour sculpter les arbustes. DEUX lames puissantes se croisent avec large manche en bois riveté. Embout de protection en plastique bloquant l ouverture En acier de très bonne qualité. Longueur totale : 30cm. FACILE A MANIER ET A UTILISER. Matière : acier inox, bois;1 an;3360;;La pièce;Aucune;;;;;;;;MAR-80307.jpg;;;;;;;;;;;;;;;;01-Depart Willemse
80308133;;ABREUVOIR A OISEAUX PETITE FILLE*;ABREUVOIR A OISEAUX PETITE FILLE*;A la fois décoratif et utile, cette jolie jeune fille abreuvera les oiseaux du jardin. Réalisé en polyrésine de très bonne qualité. Imitation patine à l ancienne. Hauteur : 27cm. Dimension produit emballé : 29 x 14 x 14 cm.;1 an;3020;;La pièce;Aucune;;;;;;;;MAR-80308.jpg;;;;;;;;;;;;;;;;01-Depart Willemse
80263133;;SCIE ARBORICOLE PLIANTE;SCIE ARBORICOLE PLIANTE;Cette scie est réalisée en acier dur, chromé. Ces dents sont affutées avec précision et permettent un tranchant parfait. Coupe toutes les branches jusqu à 90mm. Ne se coince pas. Ne rouille pas. Se plie facilement pour la ranger en toute sécurité et protéger les lames. Langueur plié :24,5cm Longueur ouvert :44,5cm.;1 an;3360;;La pièce;Aucune;;;;;;;;MAR-80263.jpg;;;;;;;;;;;;;;;;01-Depart Willemse
80499133;;MANGEOIRE OISEAUX A ACCROCHER;MANGEOIRE OISEAUX A ACCROCHER;Une très belle réalisation. A la fois décoratif et utile. A accrocher sur un mur. Une fois rempli, les oiseaux viendront picorer. Matière : résine de polyester peinte à la main;1 an;3040;;La pièce;Aucune;;;;;;;;MAR-80499.jpg;;;;;;;;;;;;;;;;01-Depart Willemse
80591133;;ETAGERE PLANTES JUMBO 3 MARCHES;ETAGERE PLANTES JUMBO 3 MARCHES;Dans la maison, sur le balcon ou la terrasse, pour mettre en scène vos plus jolies plantes : Etagère TROIS marches. Dimensions des marches : L 58 x l 15.80 cm. Profondeur des pieds à la base : 37cm Assemblage facile sans clou ni vis, les différents éléments s emboitent les uns dans les autres Chaque étagère peut supporter jusqu à 10kgs. Matière : plastique polypropylène, coloris vert;1 an;3040;;La pièce;Aucune;;;;;;;;MAR-80591.jpg;;;;;;;;;;;;;;;;01-Depart Willemse
80753133;;MANGEOIRE OISEAUX PHOSPHORESCENTE;MANGEOIRE OISEAUX PHOSPHORESCENTE;Utile et décorative : mangeoire à suspendre - chainette de suspension - anneau pour suspendre la boule de verre décorative - réceptacle pour graines - peint en jaune : phosphorescent la nuit.;1 an;3040;;La pièce;Aucune;;;;;;;;MAR-80753.jpg;;;;;;;;;;;;;;;;01-Depart Willemse
80783133;;SAC DE JUTE BIODEGRADABLE;SAC DE JUTE BIODEGRADABLE;Fabriquez votre propre compost en utilisant ce sac de jute 100% biodégradable. Le remplir à l automne de feuilles mortes et le laisser tout l hiver dans un coin du jardin : le printemps venu, le compost de feuilles sera prêt à être utiliser. Matière : 100% jute;1 an;3360;;La pièce;Aucune;;;;;;;;MAR-80783.jpg;;;;;;;;;;;;;;;;01-Depart Willemse
80894133;;HUMIDIFICATEUR PLANTE FORME NAIN;HUMIDIFICATEUR PLANTE FORME NAIN;Pour des plantes en bonne santé utilisez cet humidificateur : la terre absorbe naturellement l humidité diffusée par la terre cuite. - décor "petit nain" peint à la main - orifice de remplissage à l arrière. Matière : terre cuite peinte à la main;1 an;3020;;La pièce;Aucune;;;;;;;;MAR-80894.jpg;;;;;;;;;;;;;;;;01-Depart Willemse
81009133;;EMBOUT JET HAUTE PRESSION POUR TUYAU;EMBOUT JET HAUTE PRESSION POUR TUYAU;Permet de nettoyer et de déboucher grâce à la pression de l eau. S adapte sur tout tuyau (livré avec un adaptateur universel) Idéal pour les canalisations, égouts, gouttières et chéneaux. Matière : plastique et métal;1 an;3020;;La pièce;Aucune;;;;;;;;MAR-81009.jpg;;;;;;;;;;;;;;;;01-Depart Willemse
80995133;;5 ANNEAUX RESERVOIR D'EAU DIA 20CM;5 ANNEAUX RESERVOIR D'EAU DIA 20CM;Ces anneaux se plantent autour des plantes . Permettent d économiser l eau et de faire profiter pleinement les plantes de vos arrosages. L eau ne se répand plus aux alentours et profite ainsi pleinement au pied de la plante. Vendu en lot de 5. Coloris marron. Idéal pour les cultures annuelles de pleine terre telles les pieds de tomates. Matière : plastique;1 an;3020;;Lot de 5;Aucune;;;;;;;;MAR-80995.jpg;;;;;;;;;;;;;;;;01-Depart Willemse
80091133;;PISTOLET D'ARROSAGE;PISTOLET D'ARROSAGE;Ce pistolet s adapte sur tous les tuyaux grâce à son adaptateur universel Fonctionne avec gachette blocable et réglable. Puissance du jet réglable. Livré ave un joint. Poignée 11.5cm Pistolet 13cm. Matière : plastique;1 an;3020;;La pièce;Aucune;;;;;;;;MAR-80091.jpg;;;;;;;;;;;;;;;;01-Depart Willemse
80173133;;TIRE-BOTTES DE SECURITE;TIRE-BOTTES DE SECURITE;Avec ce tire-bottes, vous pourrez enlever vos bottes ou toutes autres chaussures EN TOUTE SECURITE. En effet, vos pieds restent côte à côte (et non pas dans l alignement) et c est mieux pour l équilibre. Réalisé en matière plastique. Dimension : 34X25X12 cm. Matière : plastique;1 an;3360;;La pièce;Aucune;;;;;;;;MAR-80173.jpg;MAR-80173-2.jpg;;;;;;;;;;;;;;;01-Depart Willemse
80202233;;2 ELFES DECO JARDIN PHOSPHORESCENTS;2 ELFES DECO JARDIN PHOSPHORESCENTS;Ce duo d anges égayera votre jardin aussi bien le jour que le nuit. En effet, ces décorations se chargeront le jour et s illumineront la nuit. Matière : Réalisé en matière plastique;1 an;3040;;Lot de 2;Aucune;;;;;;;;MAR-80202.jpg;;;;;;;;;;;;;;;;01-Depart Willemse
80216133;;HOUSSE POUR COUSSINS;HOUSSE POUR COUSSINS;Grâce à ces housses, votre mobilier de jardin sera protégé des intempéries et de la pluie. Aussi il sera toujours prêt à être utilisé sans le fastidieux nettoyage ou essuyage après les averses. En PVC - Joli décor imprimé OIES et TOURNESOL Dimension : 125 x 50 x 32 cm.;1 an;3200;;La pièce;Aucune;;;;;;;;MAR-80216.jpg;;;;;;;;;;;;;;;;01-Depart Willemse
80220133;;HOUSSE POUR TABLE ET FAUTEUILS;HOUSSE POUR TABLE ET FAUTEUILS;Grâce à ces housses, votre mobilier de jardin sera protégé des intempéries et de la pluie. Aussi il sera toujours prêt à être utilisé sans le fastidieux nettoyage ou essuyage après les averses. En PVC - Joli décor imprimé OIES et TOURNESOL. Matière : Plastique;1 an;3200;;La pièce;Aucune;;;;;;;;MAR-80220.jpg;;;;;;;;;;;;;;;;01-Depart Willemse
80224133;;HOUSSE POUR CHAISE LONGUE;HOUSSE POUR CHAISE LONGUE;Grâce à ces housses, votre mobilier de jardin sera protégé des intempéries et de la pluie. Aussi il sera toujours prêt à être utilisé sans le fastidieux nettoyage ou essuyage après les averses. En PVC - Joli décor imprimé OIES et TOURNESOL. Matière : Plastique;1 an;3200;;La pièce;Aucune;;;;;;;;MAR-80224.jpg;;;;;;;;;;;;;;;;01-Depart Willemse
80288133;;ORGANISEUR PORTE OUTILS JARDIN;ORGANISEUR PORTE OUTILS JARDIN;Cet organiseur se fixe très facilement autour d un seau et les DOUZE poches + DEUX fourreaux permettent de porter de nombreux outils et accessoires. Se fixe en haut par lien coulissant sur une boucle et en bas par pression. Convient pour tous types de seau. Dimension de chaque côté : 34x24cm. Livré sans accessoires Matière : polyester;1 an;3360;;La pièce;Aucune;;;;;;;;MAR-80288.jpg;;;;;;;;;;;;;;;;01-Depart Willemse
30127133;;AIGUISEUR MULTI-USAGE;AIGUISEUR MULTI-USAGE;Cet aiguiseur multi-usages sera utile pour les lames des couteaux de cuisine, du sécateur... Dans un petit compartiment, il contient une éponge que vous pourrez utiliser pour graisser les lames et les empêcher de rouiller. Sa poignée offre une bonne prise en main et le crochet permet de le ranger sur le rebord d une étagère du garage ou d un placard. Dimensions : 15,3x6,5x2 cm. Coloris bleu. Emballage : sous sachet plastique. Poids : 45 grammes.;1 an;3360;;La pièce;Aucune;;;;;;;;MAR-30127.jpg;;;;;;;;;;;;;;;;01-Depart Willemse
80456133;;POIGNEE ERGONOMIQUE POUR OUTILS;POIGNEE ERGONOMIQUE POUR OUTILS;Cette poignée se fixe sur tout type de manche d outils de jardin. Vous travaillerez mieux en faisant moins d effort car elle vous permet d avoir une position mieux adaptée. Réalisée en métal galvanisé et matière plastique. Fentes d aération pour permettre une meilleure circulation d air et éviter les mains moites. Se fixe facilement par vis + écrou. Matière : Métal et plastique;1 an;3360;;La pièce;Aucune;;;;;;;;MAR-80456.jpg;;;;;;;;;;;;;;;;01-Depart Willemse
80593333;;3 FLEURS METAL + TIGES;3 FLEURS METAL + TIGES;Voici de quoi agrémenter votre intérieur ou votre jardin. Ces fleurs en métal, peintes à la main, se plantent directement dans un pot de plante verte, une jardinière, un parterre Vendu en lot de trois : une marguerite, un lys et un tournesol. Une très belle réalisation. Hauteur moyenne : 46 cm.;1 an;3040;;Lot de 3;Aucune;;;;;;;;MAR-80593.jpg;MAR-80593-2.jpg;;;;;;;;;;;;;;;01-Depart Willemse
80603133;;PISTOLET ARROSAGE 10 JETS VERT/NOIR;PISTOLET ARROSAGE 10 JETS VERT/NOIR;Grâce à cet accessoire, en toutes circonstances vous aurez un arrosage parfait. Ce pistolet se tient soit à la main, soit il peut se planter en terre. Il possède un double anneau : - le premier sert à ouvrir et régler le débit d eau, - le second permet de régler un des dix jets disponibles. Livré avec embout universel. En matière plastique, hauteur 15cm, hauteur totale avec pique 25,5cm. Emballage 16 x 12 x 7 cm : sachet plastique. Poids : 190 grammes.;1 an;3020;;La pièce;Aucune;;;;;;;;MAR-80603.jpg;;;;;;;;;;;;;;;;01-Depart Willemse
80606133;;2 VASES POUR CIMETIERE;2 VASES POUR CIMETIERE;C est bien de mettre des fleurs au cimetière pour honorer les morts et vous vous faciliterez la vie en adoptant ces vases qui ont été tout spécialement conçu pour être planté directement en terre. Il n y a plus qu à y mettre des fleurs soit artificielles, soit naturelles. En PVC. Vendu par lot de deux. Hauteur totale avec pique : 25 cm.;1 an;3040;;Lot de 2;Aucune;;;;;;;;MAR-80606.jpg;MAR-80606-2.jpg;;;;;;;;;;;;;;;01-Depart Willemse
80636633;;6 PAS DE JARDIN FLUORESCENTS;6 PAS DE JARDIN FLUORESCENTS;Lot de 6 pas de jardin fluorescents composés chacun de 3 pavés à planter entre les dalles d une allée, dans la pelouse : - idéal pour créer un chemin qui guidera vos pas la nuit - restituent la nuit la lumière emmagasinée durant le jour - livrés avec 12 embouts de 6 cm qui viennent se fixer sous les pavés et que l on enfonce simplement dans le sol. Matière : plastique blanc;1 an;3040;;Lot de 6;Aucune;;;;;;;;MAR-80636.jpg;;;;;;;;;;;;;;;;01-Depart Willemse
81113133;;PAILLASSON DOUBLE DECOR BUIS 45X75CM;PAILLASSON DOUBLE DECOR BUIS 45X75CM;Paillasson surface en fibres de coco. Double tapis décor POT DE BUIS Base en caoutchouc noir avec arabesques. Matière : 65% caoutchouc, 35% coco;1 an;3040;;La pièce;Aucune;;;;;;;0.00;MAR-81113.jpg;;;;;;;;;;;;;;;;01-Depart Willemse
80125133;;ABREUVOIR SUR PIED + CADRAN SOLAIRE;ABREUVOIR SUR PIED + CADRAN SOLAIRE;Voici un produit qui fera sensation dans votre jardin. Non seulement il est décoratif mais également, il donne l heure grâce au cadran solaire mais surtout son large bassin abreuvera les oiseaux de votre voisinage. En très belle qualité lourde de plastique, imitation métal vieilli.;1 an;3040;;La pièce;Aucune;;;;;;;;MAR-80125.jpg;MAR-80125-2.jpg;;;;;;;;;;;;;;;01-Depart Willemse
80303133;;PORTE 2 POTS A PLANTER;PORTE 2 POTS A PLANTER;Voici un accessoire qui va améliorer la décoration de votre jardin. Sur le support que vous plantez à l endroit que vous désirez, vous placerez 2 pots en terre cuite. Chaque cercle peut accueillir des pots d un diamètre de 11-11.5cm, le cerclage pouvant s ajuster légèrement à la taille du pot +/-0.5cm Idéal également pour le cimetière. Ainsi vous pourrez mettre en valeur en hauteur vos fleurs préférées. En métal peint. Hauteur : 52 cm Hauteur du piquet a planter : 24 cm. Matière : métal peint;1 an;3380;;Lot de 2;Aucune;;;;;;;;MAR-80303.jpg;;;;;;;;;;;;;;;;01-Depart Willemse
80384133;;PLUVIOMETRE CHAT AU PARAPLUIE;PLUVIOMETRE CHAT AU PARAPLUIE;C est bien connu, les chats n aiment pas l eau... sauf celui là !! Il sort pour mesurer l eau tombée. Réalisé en résine de polyester. Peint à la main. Tube en verre. Matière : résine de polyester;1 an;3360;;La pièce;Aucune;;;;;;;;MAR-80384.jpg;;;;;;;;;;;;;;;;01-Depart Willemse
80601133;;BANC METAL PORTE DEUX POTS;BANC METAL PORTE DEUX POTS;Voici une manière originale pour présenter vos plantes. Sur un banc en métal peint, deux emplacements vous permettent d installer confortablement vos plantes. Dimensions du banc : 17x17x10,5cm. Livré avec deux pots de diamètre 8 cm. Matière : métal peint;1 an;3360;;Lot de 2;Aucune;;;;;;;;MAR-80601.jpg;;;;;;;;;;;;;;;;01-Depart Willemse
80758133;;PALISSADE IMITATION BAMBOU;PALISSADE IMITATION BAMBOU;Clôture croisillons imitant à la perfection la texture et la couleur des bambous : - elle est très extensible et selon la hauteur souhaitée, vous obtiendrez jusqu à 2 mètres de clôture (pour une hauteur réglée à 50 cm). Matière : Plastique;1 an;3040;;La pièce;Aucune;;;;;;;;MAR-80758.jpg;MAR-80758-2.jpg;;;;;;;;;;;;;;;01-Depart Willemse
81778112;;GIROUETTE DAME PARAPLUIE NOIR;GIROUETTE DAME PARAPLUIE NOIR;Cette dame au parapluie décorera votre jardin et en même temps vous indiquera la direction du vent. Réalisé en métal peint. Hauteur totale : 1,20 mètres personnage : hauteur 29 cm x largeur 33.5cm . Matière : métal peint;1 an;3040;;La pièce;Aucune;;;;;;;;MAR-81778.jpg;;;;;;;;;;;;;;;;01-Depart Willemse
80572133;;ROUES SUPPORT COUPE-BORDURES;ROUES SUPPORT COUPE-BORDURES;Voici un accessoire qui va devenir indispensable. Ces roues se fixent à l extrémité inférieure du coupe bordure électrique et permettent de réaliser une coupe parfaite SANS FATIGUE. Convient pour tous types de coupe-bordures électriques. Montage facile. Réalisé en matière plastique très solide. Matière : plastique;1 an;3040;;La pièce;Aucune;;;;;;;;MAR-80572.jpg;;;;;;;;;;;;;;;;01-Depart Willemse
80913133;;NICHOIR OISEAU EN BOIS;NICHOIR OISEAU EN BOIS;Petit nichoir en bois naturel avec cordelette de suspension. Le Pawlonia est un arbre à croissance rapide originaire du nord de la Chine. Matière : bois de Paulownia;1 an;3040;;La pièce;Aucune;;;;;;;;MAR-80913.jpg;;;;;;;;;;;;;;;;01-Depart Willemse
80577133;;LANCE D'ARROSAGE 8 JETS MODELE 52CM;LANCE D'ARROSAGE 8 JETS MODELE 52CM;Cette lance à tête orientable multi-jets (8 différents) vous permettra d adapter le bon arrosage à chaque plante. Poignée de commande confortable avec possibilité de blocage. Robinet de contrôle du débit. Embout rapide universel. Longueur : 52 cm. Réalisé en ABS + aluminium. Emballage 53 x 10 x 10 cm : sachet plastique. Poids : 450 grammes. Matière : ABS + aluminium;1 an;3020;;La pièce;Aucune;;;;;;;;MAR-80577.jpg;;;;;;;;;;;;;;;;01-Depart Willemse
80963133;;2 HUMIDIFICATEURS PLANTES FORME OISEAU;2 HUMIDIFICATEURS PLANTES FORME OISEAU;La santé de vos plantes passe par une bonne humidification de la terre. La tige poreuse laisse naturellement filtrer l eau nécessaire à leur développement. Lot de 2 oiseaux assortis . Matière : terre cuite;1 an;3020;;Lot de 2;Aucune;;;;;;;;MAR-80963.jpg;;;;;;;;;;;;;;;;01-Depart Willemse
80965133;;PINCE POUR CACTUS;PINCE POUR CACTUS;Pour les amateurs de cactus : enfin une pince astucieuse conçue spécialement pour le rempotage. Les 2 brosses permettent de saisir les cactus sans les abimer et sans vous remplir les doigts d épines! Longueur des brosses 5 x dia 2.5cm. Matière : plastique;1 an;3360;;La pièce;Aucune;;;;;;;;MAR-80965.jpg;MAR-80965-2.jpg;;;;;;;;;;;;;;;01-Depart Willemse
80759333;;3 GUIDES TUYAU D'ARROSAGE FLEURS;3 GUIDES TUYAU D'ARROSAGE FLEURS;Une idée très pratique afin d éviter d écraser et d endommager vos parterres de fleurs lorsque vous arrosez la pelouse ou vos plantations : - ces trois guides se plantent facilement dans la terre (tige 19 cm, hauteur totale 24) - le tuyau reste en place entre les 2 fleurs - assemblage facile - lot x 3 guides : rouge + jaune + vert. Matière : Plastique;1 an;3020;;Lot de 3;Aucune;;;;;;;;MAR-80759.jpg;MAR-80759-2.jpg;;;;;;;;;;;;;;;01-Depart Willemse
80469133;;ARROSEUR PLATE-BANDE;ARROSEUR PLATE-BANDE;Cet arroseur se branche directement sur votre tuyau d arrosage grâce à son embout universel. Un interrupteur ON/OFF permet de contrôler l eau qui arrive en jet doux le long du tube en aluminium. Ainsi vos plates-bandes sont arrosées en douceur mais efficacement. Poignée en matière plastique. Tube perforé en aluminium. Embout en laiton. Matière : plastique et aluminium;1 an;3020;;La pièce;Aucune;;;;;;;;MAR-80469.jpg;;;;;;;;;;;;;;;;01-Depart Willemse
